plant_id,material_id,quantity
PLANT001,SKU007,60.0
PLANT001,SKU008,80.0
PLANT001,SKU009,100.0
PLANT001,SKU010,70.0
PLANT001,SKU012,16.0
PLANT001,SKU013,4.3571429
PLANT001,SKU014,5.0
PLANT001,SKU015,45.0
PLANT002,SKU003,115.0
PLANT002,SKU004,40.0
PLANT002,SKU005,26.875
PLANT002,SKU011,22.0
PLANT002,SKU013,3.6428571
PLANT003,SKU001,73.0
PLANT003,SKU002,33.0
PLANT003,SKU005,38.125
PLANT003,SKU006,12.0
